Workbook

Sheet List2
B1: Legenda: | C1: KAM | D1: Likvidace | E1: KAPU
A2: aktivní | B2: Stav | C2: Číslosmlouvy | D2: IČfirmy | E2: Názevfirmy | F2: Ulice | G2: PSČ | H2: Obec | I2: Kontaktníosoba | J2: E-mail | K2: Telefon | L2: Druh | M2: Opravujíznačkyaut | N2: Prohlídkovémísto | O2: Provoznídoba | P2: WEB | Q2: Okres | R2: Kraj | S2: GPSLat | T2: GPSLng | U2: AVNsleva | V2: CebiGlassGT | W2: AudaGlass | X2: Prvníprasklina | Y2: dalšípraskliny | Z2: Kalibracekamery | AA2: SlevananáhradnídilydleAVN | AB2: Mechanickávozidlamimoavn | AC2: Klempířskávozidlamimoavn | AD2: Mechanická | AE2: Klempířská | AF2: Lakýrnicképráce | AG2: MeachanickáHD | AH2: KlepířskáHD | AI2: LakHD | AJ2: AZT–UNIlaky | AK2: metalickéaperleťovélaky | AL2: SilverDat | AM2: DAT-Eurolak | AN2: Slevananáhradnídílyamateriál | AO2: drobnýrežijnímateriál | AP2: originálnínáhradnídílyamateriál | AQ2: aftermarketovénáhradnídílyamateriál | AR2: slevanapráci | AS2: originálnípoužiténáhradnídílyamateriál | AT2: Prohlídka | AU2: Poznámky | AV2: Limitprohlídkyod15.9.2022 | AW2: Dodávky+SUVvše
A3: Ano | B3: ACC | C3: 119/2019 | D3: 14787547 | E3: VáclavKačírek | F3: Náměstí3 | G3: 26724 | H3: Neumětely | I3: VáclavKačírek | J3: autokacirek@autokacirek.cz | K3: 7.3292109e+08 | L3: NeautorizovanýservisSAG | M3: všechnavozidla | N3: NE | O3: Po-Pá8:00-16:30 | Q3: =VLOOKUP(G3,seznampsc!A:B,2,FALSE) -> Beroun | R3: =VLOOKUP(G3,seznampsc!A:C,3,FALSE) -> Středočeský kraj | S3: 49.85208 | T3: 14.03656 | AD3: 680 | AE3: 680 | AF3: 680 | AQ3: 10 | AV3: 100000
B4: DIRECT | C4: 003/2016 | D4: 48028321 | E4: AUTOPAPOUŠEKs.r.o. | F4: Svídnická613/7 | G4: 18100 | H4: Praha8-Troja | I4: p.Vogel | J4: vogel@autopapousek.cz | K4: 608910930 | L4: NeautorizovanýservisDIRECT | M4: všechnavozidla | N4: NE | O4: 7:00-18:00|7:00-18:00|7:00-18:00|7:00-18:00|7:00-18:00|-|-. | Q4: =VLOOKUP(G4,seznampsc!A:B,2,FALSE) -> Hlavní město Praha | R4: =VLOOKUP(G4,seznampsc!A:C,3,FALSE) -> Hlavní město Praha | S4: 50.12872 | T4: 14.41488 | AU4: Vypovídámk31.3.2023smlouvu.PL
B5: DIRECT | C5: 004/2016 | D5: 17048818 | E5: FEMATs.r.o. | F5: Vrážská1562/24 | G5: 15300 | H5: Praha | I5: ZdeněkSoukup,HynekFaktor | J5: servis@femat.cz | K5: 6.0358868e+08 | L5: Osobní | M5: Škoda | N5: NE | O5: 7:00-18:00|7:00-18:00|7:00-18:00|7:00-18:00|7:00-18:00|8:00-13:00|-. | Q5: =VLOOKUP(G5,seznampsc!A:B,2,FALSE) -> Hlavní město Praha | R5: =VLOOKUP(G5,seznampsc!A:C,3,FALSE) -> Hlavní město Praha | S5: 49.989849 | T5: 14.370193 | AV5: 200000
B6: DIRECT | C6: 005/2016 | D6: 62914910 | E6: DOMANSKÝs.r.o. | F6: Českobrodská566 | G6: 19800 | H6: Praha | I6: KarelVyšinka | J6: karel.vysinka@domanský.cz | K6: 604306306 | L6: Osobní | M6: Peugeot,Citroën | N6: NE | O6: 7:00-19:00|7:00-19:00|7:00-19:00|7:00-19:00|7:00-19:00|-|-. | Q6: =VLOOKUP(G6,seznampsc!A:B,2,FALSE) -> Hlavní město Praha | R6: =VLOOKUP(G6,seznampsc!A:C,3,FALSE) -> Hlavní město Praha | S6: 50.087658 | T6: 14.556437 | AV6: 200000
B7: DIRECT | C7: 005/2016 | D7: 62914910 | E7: DOMANSKÝs.r.o. | F7: Tlumačovská1298 | G7: 15500 | H7: Praha | I7: MartinHavránek | J7: servisP5@domansky.cz | K7: 775307607 | L7: Osobní | M7: Peugeot,Citroën | N7: NE | O7: 7:00-19:00|7:00-19:00|7:00-19:00|7:00-19:00|7:00-19:00|8:00-14:00|-. | Q7: =VLOOKUP(G7,seznampsc!A:B,2,FALSE) -> Hlavní město Praha | R7: =VLOOKUP(G7,seznampsc!A:C,3,FALSE) -> Hlavní město Praha | S7: 50.03963 | T7: 14.330823 | AV7: 200000
B8: DIRECT | C8: 005/2016 | D8: 62914910 | E8: DOMANSKÝs.r.o. | F8: Zdiby195 | G8: 25066 | H8: Zdiby | I8: MartinJanek | J8: martin.janek@domansky.cz | K8: 775858857 | L8: Osobní | M8: Peugeot,Citroën,Toyota | N8: NE | O8: 7:00-19:00|7:00-19:00|7:00-19:00|7:00-19:00|7:00-19:00|8:00-14:00|-. | Q8: =VLOOKUP(G8,seznampsc!A:B,2,FALSE) -> Praha-východ | R8: =VLOOKUP(G8,seznampsc!A:C,3,FALSE) -> Středočeský kraj | S8: 50.1696486 | T8: 14.4592908 | AV8: 200000
B9: DIRECT | C9: 005/2016 | D9: 62914910 | E9: DOMANSKÝs.r.o. | F9: Herlošova2925 | G9: 39001 | H9: Tábor | I9: PetrJirsík | J9: petr.jirsik@domansky.cz | K9: 775607807 | L9: Osobní | M9: Peugeot,Citroën | N9: NE | O9: 7:00-17:00|7:00-17:00|7:00-17:00|7:00-17:00|7:00-17:00|8:00-12:00|-. | Q9: =VLOOKUP(G9,seznampsc!A:B,2,FALSE) -> Tábor | R9: =VLOOKUP(G9,seznampsc!A:C,3,FALSE) -> Jihočeský kraj | S9: 49.413788 | T9: 14.664725 | AU9: pobočkazrušená,prodejpřesunutýdoPrahy
B10: DIRECT | C10: 005/2016 | D10: 62914910 | E10: DOMANSKÝs.r.o. | F10: Skorkovská1644 | G10: 19800 | H10: Praha | I10: PetrKerhat | J10: petr.kerhat@domansky.cz | K10: 775444087 | L10: Osobní | M10: Peugeot,Citroën | N10: NE | O10: 7:00-19:00|7:00-19:00|7:00-19:00|7:00-19:00|7:00-19:00|8:00-14:00|-. | Q10: =VLOOKUP(G10,seznampsc!A:B,2,FALSE) -> Hlavní město Praha | R10: =VLOOKUP(G10,seznampsc!A:C,3,FALSE) -> Hlavní město Praha | S10: 50.110744 | T10: 14.574931 | AV10: 200000
B11: DIRECT | C11: 006/2016 | D11: 01718053 | E11: HyundaiPrahaDomanskýs.r.o. | F11: Jeremiášova1 | G11: 15500 | H11: Praha | I11: PetrNelhýbel | J11: petr.nelhybel@domansky.cz | K11: 778726674 | L11: Osobní | M11: Hyundai | N11: NE | O11: 7:00-19:00|7:00-19:00|7:00-19:00|7:00-19:00|7:00-19:00|8:00-14:00|-. | Q11: =VLOOKUP(G11,seznampsc!A:B,2,FALSE) -> Hlavní město Praha | R11: =VLOOKUP(G11,seznampsc!A:C,3,FALSE) -> Hlavní město Praha | S11: 50.039651 | T11: 14.328208 | AV11: 200000
A12: Ano | B12: ACC | C12: 119/2019 | D12: 75609878 | E12: AutoServisROVALIs.r.o. | F12: Gellhornova2491/2a | G12: 67801 | H12: Blansko | I12: LiborFojtík | J12: info@autoservis-rovali.cz | K12: 734243691 | L12: NeautorizovanýservisSAG | M12: všechnavozidla | N12: NE | O12: Po-Pá8:00-16:30 | Q12: =VLOOKUP(G12,seznampsc!A:B,2,FALSE) -> Blansko | R12: =VLOOKUP(G12,seznampsc!A:C,3,FALSE) -> Jihomoravský kraj | S12: 49.349991 | T12: 16.656527 | AD12: 680 | AE12: 680 | AF12: 680 | AQ12: 10 | AU12: dřívepodnázvemLiborHavlík/AutoservisHavlíks.r.o..PřejmenovánopodledatopdACCz09/2021. | AV12: 100000
B13: DIRECT | C13: 007/2016 | D13: 27182975 | E13: RCLoudaAuto | F13: Helsinská166/2 | G13: 15500 | H13: Praha | I13: VlastimilBrabec | J13: vlastimil.brabec@louda.cz | K13: 225340440 | L13: Osobní | M13: Renault,Dacia | N13: NE | O13: 7:30-18:00|7:30-18:00|7:30-18:00|7:30-18:00|7:30-18:00|-|-. | Q13: =VLOOKUP(G13,seznampsc!A:B,2,FALSE) -> Hlavní město Praha | R13: =VLOOKUP(G13,seznampsc!A:C,3,FALSE) -> Hlavní město Praha | S13: 50.050835 | T13: 14.291968 | AU13: Od.1.10.2022prodejpodLoudaAuto.PůvodnínázevRenaultRetailGroupCZ.Od1.5.2023fůzesLoudaAuto,převodpodsmlouvu266/2022. | AV13: 200000
B14: DIRECT | C14: 008/2016 | D14: 48030317 | E14: AUTODRUŽSTVOPRAHA | F14: Spojovací41/783 | G14: 19000 | H14: Praha | I14: LadislavTurek,MichaelWeiss | J14: kratochvil@adpraha.cz | K14: 7.2532199e+08 | L14: NeautorizovanýservisDIRECT | M14: všechnavozidla | N14: NE | O14: 7:00-17:30|7:00-17:30|7:00-17:30|7:00-17:30|7:00-17:30|-|-. | Q14: =VLOOKUP(G14,seznampsc!A:B,2,FALSE) -> Hlavní město Praha | R14: =VLOOKUP(G14,seznampsc!A:C,3,FALSE) -> Hlavní město Praha | S14: 50.097927 | T14: 14.49834 | AU14: Od1.9.2021jižneexistuje
A15: Ano | B15: DIRECT | C15: 009/2016 | D15: 24805327 | E15: KarosářCZ,s.r.o. | F15: Hoškovice22 | G15: 29501 | H15: MnichovoHradiště | I15: Příjemoprav | J15: info@karosar.cz | K15: 774847303 | L15: GaranceMobility | M15: Všechnavozidla | N15: NE | Q15: =VLOOKUP(G15,seznampsc!A:B,2,FALSE) -> Česká Lípa | R15: =VLOOKUP(G15,seznampsc!A:C,3,FALSE) -> Liberecký kraj | AD15: 740 | AE15: 740 | AF15: 740 | AJ15: 107 | AK15: 107 | AN15: 0.05 | AT15: 250 | AV15: 100000
A16: Ano | B16: DIRECT | C16: 009/2016 | D16: 24805327 | E16: KarosářCZ,s.r.o. | F16: Hoškovice22 | G16: 29501 | H16: MnichovoHradiště | I16: pí.Šulcová | J16: info@karosar.cz | K16: 774847303 | L16: PDRopravy | M16: všechnavozidla | N16: NE | O16: PO-NEDLEDOHODY | Q16: =VLOOKUP(G16,seznampsc!A:B,2,FALSE) -> Česká Lípa | R16: =VLOOKUP(G16,seznampsc!A:C,3,FALSE) -> Liberecký kraj | S16: 50.53111 | T16: 15.000214 | AD16: 740 | AE16: 740 | AF16: 740 | AJ16: 107 | AK16: 107 | AN16: 0.05 | AT16: 250 | AV16: 100000
A17: Ano | B17: DIRECT | C17: 009/2016 | D17: 24805327 | E17: KarosářCZ,s.r.o. | F17: Hoškovice22 | G17: 29501 | H17: MnichovoHradiště | I17: IrenaBenešová,DanaJanatová | J17: info@karosar.cz | K17: 7.748473e+08 | L17: PDRopravy | M17: všechnavozidla | N17: ANO | O17: PO-NEDLEDOHODY | Q17: =VLOOKUP(G17,seznampsc!A:B,2,FALSE) -> Česká Lípa | R17: =VLOOKUP(G17,seznampsc!A:C,3,FALSE) -> Liberecký kraj | S17: 50.53111 | T17: 15.000214 | AD17: 740 | AE17: 740 | AF17: 740 | AJ17: 107 | AK17: 107 | AN17: 0.05 | AT17: 250 | AU17: k1.2.2023zadanéprohlídkovémísto. | AV17: 100000
B18: DIRECT | C18: 010/2016 | D18: 60108151 | E18: HAVEX-autos.r.o. | F18: Jateční317/41 | G18: 17000 | H18: Praha | J18: ph.servis@havex.cz | K18: 257213830 | L18: Osobní | M18: Škoda | N18: NE | O18: 7:00-19:00|7:00-19:00|7:00-19:00|7:00-19:00|7:00-19:00|8:00-12:00|-. | Q18: =VLOOKUP(G18,seznampsc!A:B,2,FALSE) -> Hlavní město Praha | R18: =VLOOKUP(G18,seznampsc!A:C,3,FALSE) -> Hlavní město Praha | S18: 50.10058 | T18: 14.451692 | AV18: 200000
B19: DIRECT | C19: 010/2016 | D19: 60108151 | E19: HAVEX-autos.r.o. | F19: NaBělidle503 | G19: 54301 | H19: Vrchlabí | I19: OndřejŠulc | J19: david.neumann@havex.cz | K19: 499406314,499406312-313 | L19: Osobní | M19: Škoda,Fiat,Jeep,Citroen,Peugeot | N19: NE | O19: 7:00-17:00|7:00-17:00|7:00-17:00|7:00-17:00|7:00-17:00|8:00-12:00|-. | Q19: =VLOOKUP(G19,seznampsc!A:B,2,FALSE) -> Trutnov | R19: =VLOOKUP(G19,seznampsc!A:C,3,FALSE) -> Královéhradecký kraj | S19: 50.614686 | T19: 15.62534 | AV19: 200000
A20: Ano | B20: ACC | C20: 119/2019 | D20: 3635724 | E20: HUCARs.r.o. | F20: Nádražní85 | G20: 59301 | H20: BystřicenadPernštejnem | J20: hucar@email.cz | K20: 605146970 | L20: NeautorizovanýservisSAG | M20: všechnavozidla | N20: NE | O20: Po-Pá8:00-16:30 | Q20: =VLOOKUP(G20,seznampsc!A:B,2,FALSE) -> Blansko | R20: =VLOOKUP(G20,seznampsc!A:C,3,FALSE) -> Jihomoravský kraj | S20: 49.52094 | T20: 16.25925 | AD20: 680 | AE20: 680 | AF20: 680 | AQ20: 10 | AV20: 100000
B21: DIRECT | C21: 010/2016 | D21: 60108151 | E21: HAVEX-autos.r.o. | F21: Pražská1825 | G21: 50901 | H21: NováPaka | I21: PetrKmínek | J21: np.servis@havex.cz | K21: 493722124 | L21: Osobní | M21: Škoda,Seat,Cupra | N21: NE | O21: 7:00-17:00|7:00-17:00|7:00-17:00|7:00-17:00|7:00-17:00|8:00-11:00|-. | Q21: =VLOOKUP(G21,seznampsc!A:B,2,FALSE) -> Jičín | R21: =VLOOKUP(G21,seznampsc!A:C,3,FALSE) -> Královéhradecký kraj | S21: 50.483349 | T21: 15.505085 | AV21: 200000
B22: DIRECT | C22: 010/2016 | D22: 60108151 | E22: HAVEX-autos.r.o. | F22: PodČernýmmostem577 | G22: 51301 | H22: Semily | I22: OtakarHašek | J22: otakar.hasek@havex.cz,sm.servis@havex.cz | K22: 4.8162126e+08 | L22: Osobní | M22: Škoda | N22: NE | O22: 7:00-17:00|7:00-17:00|7:00-17:00|7:00-17:00|7:00-17:00|8:00-11:00|-. | Q22: =VLOOKUP(G22,seznampsc!A:B,2,FALSE) -> Semily | R22: =VLOOKUP(G22,seznampsc!A:C,3,FALSE) -> Liberecký kraj | S22: 50.608766 | T22: 15.322905 | AU22: Pobočkauzavřena,prodána. | AV22: 200000
B23: DIRECT | C23: 010/2016 | D23: 60108151 | E23: HAVEX-autos.r.o. | F23: Pražská782/IV | G23: 50351 | H23: ChlumecnadCidlinou | I23: MilošSenohrábek | J23: milos.senohrabek@havex.cz | K23: 7.315931e+08 | L23: Osobní | M23: Škoda,Seat,Cupra | N23: NE | O23: 7:00-17:00|7:00-17:00|7:00-17:00|7:00-17:00|7:00-17:00|8:00-11:00|-. | Q23: =VLOOKUP(G23,seznampsc!A:B,2,FALSE) -> Hradec Králové | R23: =VLOOKUP(G23,seznampsc!A:C,3,FALSE) -> Královéhradecký kraj | S23: 50.159819 | T23: 15.446799 | AV23: 200000
A24: Ano | B24: DIRECT | C24: 130/2019 | D24: 29249694 | E24: MMautoopravnas.r.o. | F24: Molenburk78 | G24: 67913 | H24: Vysočany | I24: MichalPřibyl | J24: MM.auto.opravy@seznam.cz | K24: 604359045 | L24: FérservisDIRECT | M24: všechnavozidla | N24: NE | O24: Po-Pá8:00-17:00 | Q24: =VLOOKUP(G24,seznampsc!A:B,2,FALSE) -> Blansko | R24: =VLOOKUP(G24,seznampsc!A:C,3,FALSE) -> Jihomoravský kraj | S24: 49.433516 | T24: 16.809472 | AD24: 680 | AE24: 680 | AF24: 680 | AJ24: 107 | AK24: 116 | AP24: 2.5 | AQ24: 10 | AS24: specpodmínky | AV24: 200000
A25: Ano | B25: DIRECT | C25: 011/2016 | D25: 60293713 | E25: LRAUTO-TomášLehnert | F25: Staříč541 | G25: 73943 | H25: Staříč | I25: MartinRojíček | J25: lrnehody@seznam.cz | K25: 604230992 | L25: NeautorizovanýservisDIRECT | M25: všechnavozidla+motocykly | N25: NE | O25: 8:30-17:00|8:30-17:00|8:30-17:00|8:30-17:00|8:30-17:00|-|-. | Q25: =VLOOKUP(G25,seznampsc!A:B,2,FALSE) -> Frýdek-Místek | R25: =VLOOKUP(G25,seznampsc!A:C,3,FALSE) -> Moravskoslezský kraj | S25: 49.688086 | T25: 18.305939 | AD25: 450 | AE25: 450 | AF25: 450 | AJ25: 120 | AK25: 120 | AO25: 0.03 | AT25: 250 | AV25: 50000
A26: Ano | B26: DIRECT | C26: 012/2016 | D26: 13093401 | E26: ZdeněkŘedina-Autoopravna | F26: náměstíKomenského31 | G26: 76362 | H26: Tlumačov | I26: ZděněkŘedina | J26: autoredina@volny.cz | K26: 604943621 | L26: NeautorizovanýservisDIRECT | M26: všechnavozidla | N26: NE | O26: 7:00-16:00|7:00-16:00|7:00-16:00|7:00-16:00|7:00-16:00|-|-. | Q26: =VLOOKUP(G26,seznampsc!A:B,2,FALSE) -> Zlín | R26: =VLOOKUP(G26,seznampsc!A:C,3,FALSE) -> Zlínský kraj | S26: 49.252863 | T26: 17.492868 | AD26: 600 | AE26: 600 | AF26: 600 | AJ26: 107 | AK26: 116 | AT26: 250 | AV26: 50000
B27: DIRECT | C27: 013/2016 | D27: 29128889 | E27: AutoSvárov.cz | F27: Kozákova3084 | G27: 47001 | H27: ČeskáLípa | I27: TomášKozák | J27: info@autosvarov.cz | K27: 777727073 | L27: NeautorizovanýservisDIRECT | M27: všechnavozidla | N27: NE | O27: 8:00-16:00|8:00-16:00|8:00-16:00|8:00-16:00|8:00-16:00|-|-. | Q27: =VLOOKUP(G27,seznampsc!A:B,2,FALSE) -> Česká Lípa | R27: =VLOOKUP(G27,seznampsc!A:C,3,FALSE) -> Liberecký kraj | S27: 50.679062 | T27: 14.532456 | AU27: Výpověďsmlouvyk30.11.2022.ZestranyDirectu.PL102022
B28: DIRECT | C28: 014/2016 | D28: 26946955 | E28: Daníček,s.r.o. | F28: Vizovická423 | G28: 76001 | H28: Zlín | I28: PetraKalbáčová | J28: kalbacova@autodanicek.cz | K28: 6.0273134e+08 | L28: Osobní | M28: Škoda | N28: NE | O28: 7:00-17:00|7:00-17:00|7:00-17:00|7:00-17:00|7:00-17:00|8:00-12:00|-. | Q28: =VLOOKUP(G28,seznampsc!A:B,2,FALSE) -> Zlín | R28: =VLOOKUP(G28,seznampsc!A:C,3,FALSE) -> Zlínský kraj | S28: 49.223678 | T28: 17.702229 | AU28: původníadresa:pojistovny@autodanicek.cz | AV28: 200000
A29: Ano | B29: DIRECT | C29: 015/2016 | D29: 61681857 | E29: MBSAUTOSLUŽBAMĚLNÍK | F29: Kamenická1995/4 | G29: 27601 | H29: Mělník | I29: StanislavHlaváček | J29: mbslakovna@seznam.cz | K29: 603578123 | L29: NeautorizovanýservisDIRECT | M29: všechnavozidla+nákladníaautobusy | N29: NE | O29: 8:00-16:30|8:00-16:30|8:00-16:30|8:00-16:30|8:00-16:30|-|-. | Q29: =VLOOKUP(G29,seznampsc!A:B,2,FALSE) -> Mělník | R29: =VLOOKUP(G29,seznampsc!A:C,3,FALSE) -> Středočeský kraj | S29: 50.352477 | T29: 14.49137 | U29: 0.05 | AA29: 5 | AB29: 500 | AC29: 500 | AD29: 600 | AE29: 600 | AF29: 650 | AG29: 800 | AH29: 800 | AI29: 800 | AJ29: 107 | AK29: 116 | AN29: 5 | AO29: 3 | AV29: 50000
B30: DIRECT | C30: 016/2016 | D30: 16907752 | E30: AUTOSIBŘINA | F30: VKorytech67 | G30: 10000 | H30: Praha | I30: MilanKarpíšek | J30: lakovna@autosibrina.cz | K30: 774520568 | L30: NeautorizovanýservisDIRECT | M30: všechnavozidla | N30: NE | O30: 8:00-17:00|8:00-17:00|8:00-17:00|8:00-17:00|8:00-17:00|-|-. | Q30: =VLOOKUP(G30,seznampsc!A:B,2,FALSE) -> Hlavní město Praha | R30: =VLOOKUP(G30,seznampsc!A:C,3,FALSE) -> Hlavní město Praha | S30: 50.064788 | T30: 14.491632 | AU30: V2023zněmanajinéIČKarpichCar11829800.Neprodlouženásmlouvaospolupráci.
B31: DIRECT | C31: 017/2016 | D31: 25869833 | E31: AUTOHÉGRa.s. | F31: Olomoucká110 | G31: 78501 | H31: Šternberk | I31: MartinSeidl,OldřichBeneš | J31: servis@stbk.auto-hegr.cz | K31: 585002024 | L31: Osobní | M31: Škoda,Volkswagen | N31: NE | O31: 6:30-21:00|6:30-21:00|6:30-21:00|6:30-21:00|6:30-21:00|7:00-12:00|-. | Q31: =VLOOKUP(G31,seznampsc!A:B,2,FALSE) -> Olomouc | R31: =VLOOKUP(G31,seznampsc!A:C,3,FALSE) -> Olomoucký kraj | S31: 49.709925 | T31: 17.291144 | AU31: K1.1.2024ukončeníspolupráce,výpověďznašístrany-vysokésazby.Od1.1.2022zdůvoduodmítnutídohodynanavýšenícenservisníchpracínebudemedoservisůsměrovataktivněklienty.Servisyjsoutakpouzevpasivníroli.Jižneníaut.servisAudi | AV31: 200000
B32: DIRECT | C32: 017/2016 | D32: 25869833 | E32: AUTOHÉGRa.s. | F32: Jesenická2839/1b | G32: 78701 | H32: Šumperk | I32: EvženStraka | J32: servis@sumperk.auto-hegr.cz | K32: 583301006 | L32: Osobní | M32: Škoda,Volkswagen | N32: NE | O32: 7:00-17:00|7:00-17:00|7:00-17:00|7:00-17:00|7:00-17:00|8:00-12:00|-. | Q32: =VLOOKUP(G32,seznampsc!A:B,2,FALSE) -> Šumperk | R32: =VLOOKUP(G32,seznampsc!A:C,3,FALSE) -> Olomoucký kraj | S32: 49.955517 | T32: 16.965991 | AU32: K1.1.2024ukončeníspolupráce,výpověďznašístrany-vysokésazby.Od1.1.2022zdůvoduodmítnutídohodynanavýšenícenservisníchpracínebudemedoservisůsměrovataktivněklienty.Servisyjsoutakpouzevpasivníroli.Jižneníaut.servisAudi | AV32: 200000
B33: DIRECT | C33: 017/2016 | D33: 25869833 | E33: AUTOHÉGRa.s. | F33: Hněvotínská568/54a | G33: 77900 | H33: Olomouc | I33: TomášBejdák | J33: tomas.bejdak@auto-hegr.cz,servis@auto-hegr.cz | K33: 585758323 | L33: Osobní | M33: Škoda,Volkswagen | N33: NE | O33: 6:30-21:00|6:30-21:00|6:30-21:00|6:30-21:00|6:30-21:00|7:00-12:00|-. | Q33: =VLOOKUP(G33,seznampsc!A:B,2,FALSE) -> Olomouc | R33: =VLOOKUP(G33,seznampsc!A:C,3,FALSE) -> Olomoucký kraj | S33: 49.5887 | T33: 17.240435 | AU33: K1.1.2024ukončeníspolupráce,výpověďznašístrany-vysokésazby.Od1.1.2022zdůvoduodmítnutídohodynanavýšenícenservisníchpracínebudemedoservisůsměrovataktivněklienty.Servisyjsoutakpouzevpasivníroli.Jižneníaut.servisAudi | AV33: 200000
A34: Ano | B34: DIRECT | C34: 018/2016 | D34: 26933209 | E34: AUTOPOSPÍŠIL | F34: Karlova27 | G34: 61400 | H34: Brno | I34: MartinŠob,PetraMalantová | J34: martin@autopospisil.cz,pojistneudalosti@autopospisil.cz | K34: 6.0527923e+08 | L34: NeautorizovanýservisDIRECT | M34: všechnavozidla | N34: NE | O34: Dledohody | Q34: =VLOOKUP(G34,seznampsc!A:B,2,FALSE) -> Brno-město | R34: =VLOOKUP(G34,seznampsc!A:C,3,FALSE) -> Jihomoravský kraj | S34: 49.212807 | T34: 16.643693 | AD34: 450 | AE34: 550 | AF34: 550 | AJ34: 120 | AK34: 130 | AO34: 3 | AV34: 100000
B35: DIRECT | C35: 019/2016 | D35: 25329677 | E35: AUTODOBROVOLNÝV.M.s.r.o. | F35: Fr.Stránecké1330/2 | G35: 59401 | H35: VelkéMeziříčí | I35: ZdeněkŠoukal | J35: karosarna.vm@autodobrovolny.cz | K35: 5.6650235e+08 | L35: Osobní | M35: Opel,Chevrolet,Škoda | N35: NE | O35: 7:30-17:00|7:30-17:00|7:30-17:00|7:30-17:00|7:30-17:00|8:00-12:00|-. | Q35: =VLOOKUP(G35,seznampsc!A:B,2,FALSE) -> Žďár nad Sázavou | R35: =VLOOKUP(G35,seznampsc!A:C,3,FALSE) -> Kraj Vysočina | S35: 49.358718 | T35: 15.996223 | AV35: 200000
B36: DIRECT | C36: 019/2016 | D36: 25329677 | E36: AUTODOBROVOLNÝV.M.s.r.o. | F36: Okružní4720/3 | G36: 58601 | H36: Jihlava | I36: VladimírLacek | J36: servis.ji@autodobrovolny.cz | K36: 5.6757972e+08 | L36: Osobní | M36: Opel,Chevrolet,Škoda | N36: NE | O36: 7:30-17:00|7:30-17:00|7:30-17:00|7:30-17:00|7:30-17:00|8:00-12:00|-. | Q36: =VLOOKUP(G36,seznampsc!A:B,2,FALSE) -> Jihlava | R36: =VLOOKUP(G36,seznampsc!A:C,3,FALSE) -> Kraj Vysočina | S36: 49.405832 | T36: 15.594249 | AV36: 200000
B37: DIRECT | C37: 019/2016 | D37: 25329677 | E37: AUTODOBROVOLNÝV.M.sro | F37: Oblekovice395 | G37: 66902 | H37: Znojmo | I37: PetrLodes | J37: servis.zn@autodobrovolny.cz | K37: 515200402 | L37: Osobní | M37: Opel,Chevrolet,Škoda | N37: NE | O37: 7:00-16:30|7:00-16:30|7:00-16:30|7:00-16:30|7:00-16:30|8:00-12:00|-. | Q37: =VLOOKUP(G37,seznampsc!A:B,2,FALSE) -> Znojmo | R37: =VLOOKUP(G37,seznampsc!A:C,3,FALSE) -> Jihomoravský kraj | S37: 48.831113 | T37: 16.07111 | AV37: 200000
A38: Ano | B38: DIRECT | C38: 020/2017 | D38: 62587536 | E38: AUTOPLUSPrahas.r.o. | F38: Kyslíková1984/4 | G38: 14300 | H38: Praha4 | J38: info@autoplus-praha.cz | K38: 602313844 | L38: NeautorizovanýservisDIRECT | M38: všechnavozidla+nákladnívozidla | N38: NE | O38: 8:00-17:00|8:00-17:00|8:00-17:00|8:00-17:00|8:00-17:00|-|-. | Q38: =VLOOKUP(G38,seznampsc!A:B,2,FALSE) -> Hlavní město Praha | R38: =VLOOKUP(G38,seznampsc!A:C,3,FALSE) -> Hlavní město Praha | S38: 49.9914056 | T38: 14.4110006 | AD38: 743 | AE38: 743 | AF38: 743 | AJ38: 107 | AK38: 116 | AN38: 0.05 | AT38: 250 | AV38: 50000
B39: DIRECT | C39: 021/2016 | D39: 46969730 | E39: HoráckéAutodružstvoVM | F39: KNovémunádraží1345 | G39: 59401 | H39: VelkéMeziříčí | I39: MartinHabán | J39: haban@horacke-vm.cz | K39: 608666318 | L39: Osobní | M39: Škoda | N39: NE | O39: 7:00-17:00|7:00-17:00|7:00-17:00|7:00-17:00|7:00-17:00|-|-. | Q39: =VLOOKUP(G39,seznampsc!A:B,2,FALSE) -> Žďár nad Sázavou | R39: =VLOOKUP(G39,seznampsc!A:C,3,FALSE) -> Kraj Vysočina | S39: 49.35005 | T39: 16.021148 | AV39: 200000
B40: DIRECT | C40: 022/2016 | D40: 49903748 | E40: KHKŽatecs.r.o. | F40: Čeradická2031 | G40: 43801 | H40: Žatec | I40: NikolaRayman | J40: servis@khkzatec.cz | K40: 6.022123e+08 | L40: Osobní | M40: Peugeot | N40: NE | O40: 7:00-17:00|7:00-17:00|7:00-17:00|7:00-17:00|7:00-17:00|-|-. | Q40: =VLOOKUP(G40,seznampsc!A:B,2,FALSE) -> Louny | R40: =VLOOKUP(G40,seznampsc!A:C,3,FALSE) -> Ústecký kraj | S40: 50.3187242 | T40: 13.5299128 | AV40: 200000
A41: Ano | B41: DIRECT | C41: 023/2016 | D41: 5121361 | E41: AutotrioVíchas.r.o. | F41: KOchozi1425 | G41: 59301 | H41: BystřicenadPernštejnem | I41: AlešVícha | J41: autotrio@email.cz | K41: 731174681 | L41: NeautorizovanýservisDIRECT | M41: všechnavozidla | N41: NE | O41: 7:00-16:00|7:00-16:00|7:00-16:00|7:00-16:00|7:00-16:00|-|-. | Q41: =VLOOKUP(G41,seznampsc!A:B,2,FALSE) -> Blansko | R41: =VLOOKUP(G41,seznampsc!A:C,3,FALSE) -> Jihomoravský kraj | S41: 49.512024 | T41: 16.255352 | AD41: 450 | AE41: 500 | AF41: 500 | AJ41: 120 | AK41: 120 | AN41: 5 | AO41: 3 | AT41: 250 | AV41: 50000
A42: Ano | B42: DIRECT | C42: 024/2016 | D42: 27518141 | E42: PROAUTOHradecKrálové,s.r.o. | F42: Dřevařská470 | G42: 50003 | H42: HradecKrálové | I42: RudolfNyč | J42: nyc@proautohk.cz | K42: 777606660 | L42: NeautorizovanýservisDIRECT | M42: všechnavozidla | N42: NE | O42: 7:00-16:00|7:00-16:00|7:00-16:00|7:00-16:00|7:00-16:00|-|-. | Q42: =VLOOKUP(G42,seznampsc!A:B,2,FALSE) -> Hradec Králové | R42: =VLOOKUP(G42,seznampsc!A:C,3,FALSE) -> Královéhradecký kraj | S42: 50.227592 | T42: 15.856547 | AD42: 650 | AE42: 650 | AF42: 650 | AJ42: 107 | AK42: 116 | AN42: 5 | AT42: 250 | AV42: 100000
B43: DIRECT | C43: 025/2016 | D43: 49969641 | E43: DirectautoBrno,s.r.o. | F43: Žarošická21 | G43: 62800 | H43: Brno-Vinohrady | I43: Příjemoprav | J43: pojistne.udalosti.brno-vinohrady@direct-auto.cz | K43: 518700040 | L43: GaranceMobility | M43: Škoda,Volkswagen,Seat | N43: NE | Q43: =VLOOKUP(G43,seznampsc!A:B,2,FALSE) -> Brno-město | R43: =VLOOKUP(G43,seznampsc!A:C,3,FALSE) -> Jihomoravský kraj
B44: DIRECT | C44: 025/2016 | D44: 49969641 | E44: DirectautoBrno,s.r.o. | F44: Žarošická21 | G44: 62800 | H44: Brno-Vinohrady | I44: Recepce | J44: pojistne.udalosti.brno-vinohrady@direct-auto.cz | K44: 518700040 | L44: DirectAuto | M44: Škoda,Volkswagen,Seat | N44: NE | O44: 6:30-18:00|6:30-18:00|6:30-18:00|6:30-18:00|6:30-18:00|8:00-12:00|-. | Q44: =VLOOKUP(G44,seznampsc!A:B,2,FALSE) -> Brno-město | R44: =VLOOKUP(G44,seznampsc!A:C,3,FALSE) -> Jihomoravský kraj | S44: 49.207401 | T44: 16.665495 | AV44: bezlimitu
B45: DIRECT | C45: 026/2016 | D45: 63485885 | E45: CARent,a.s | F45: Bělohorská46 | G45: 63600 | H45: Brno | I45: PavelVyzourek | J45: cko@carent.cz | K45: 775775215 | L45: Osobní | M45: Ford | N45: NE | O45: 8:00-18:00|8:00-18:00|8:00-18:00|8:00-18:00|8:00-18:00|9:00-13:00|-. | Q45: =VLOOKUP(G45,seznampsc!A:B,2,FALSE) -> Brno-město | R45: =VLOOKUP(G45,seznampsc!A:C,3,FALSE) -> Jihomoravský kraj | S45: 49.189848 | T45: 16.662083 | AU45: VýpověďsmlouvyzestranyDirectuk31.5.2023. | AV45: 200000
B46: DIRECT | C46: 027/2016 | D46: 25512579 | E46: AUTOPokornýs.r.o. | F46: Okružní872/25a | G46: 63800 | H46: Brno | I46: DavidPokorný | J46: david.pokorny@renaultbrno.cz | K46: 6.0345331e+08 | L46: Osobní | M46: Renault,Dacia | N46: NE | O46: 7:30-18:00|7:30-18:00|7:30-18:00|7:30-18:00|7:30-18:00|9:00-12:00|-. | Q46: =VLOOKUP(G46,seznampsc!A:B,2,FALSE) -> Brno-město | R46: =VLOOKUP(G46,seznampsc!A:C,3,FALSE) -> Jihomoravský kraj | S46: 49.22814 | T46: 16.615945 | AV46: 200000
B47: DIRECT | C47: 027/2016 | D47: 25612579 | E47: AUTOPokornýs.r.o. | F47: Svratecká845 | G47: 66442 | H47: BrnoModřice | I47: FrantišekLokaj | J47: frantisek.lokaj@renaultbrno.cz | K47: 730518898 | L47: Osobní | M47: Renault,Dacia | N47: NE | O47: Po-Pá7:300-18:00 | Q47: =VLOOKUP(G47,seznampsc!A:B,2,FALSE) -> Brno-město | R47: =VLOOKUP(G47,seznampsc!A:C,3,FALSE) -> Jihomoravský kraj | S47: 49.13258 | T47: 16.63525 | AV47: 200000
B48: DIRECT | C48: 027/2016 | D48: 25612579 | E48: AUTOPokornýs.r.o. | F48: Karlov2223 | G48: 59401 | H48: VelkéMeziříčí | I48: RadimPelán | J48: radim.pelan@renaultvm.cz | K48: 604520404 | L48: Osobní | M48: Renault,Dacia | N48: NE | O48: Po-Pá7:300-18:00 | Q48: =VLOOKUP(G48,seznampsc!A:B,2,FALSE) -> Žďár nad Sázavou | R48: =VLOOKUP(G48,seznampsc!A:C,3,FALSE) -> Kraj Vysočina | S48: 49.13258 | T48: 16.63525 | AV48: 200000
B49: DIRECT | C49: 028/2016 | D49: 26898152 | E49: AutoPokornýmotorss.r.o. | F49: Maříkova564/46 | G49: 62100 | H49: Brno | I49: VáclavŠindelář | J49: vaclav.sindelar@hyundaivbrne.cz | K49: 5.1591501e+08 | L49: Osobní | M49: Hyundai | N49: NE | O49: 7:30-18:00|7:30-18:00|7:30-18:00|7:30-18:00|7:30-18:00|9:00-12:00|-. | Q49: =VLOOKUP(G49,seznampsc!A:B,2,FALSE) -> Brno-město | R49: =VLOOKUP(G49,seznampsc!A:C,3,FALSE) -> Jihomoravský kraj | S49: 49.2585200 | T49: 16.5830253 | AV49: 200000
B50: DIRECT | C50: 028/2016 | D50: 26898152 | E50: AutoPokornýmotorss.r.o. | F50: Svratecká845 | G50: 66442 | H50: Modřice | J50: info@autopokorny.cz | K50: 515 910 069 | L50: Osobní | M50: Hyundai | N50: NE | O50: 7:30-18:00|7:30-18:00|7:30-18:00|7:30-18:00|7:30-18:00|9:00-12:00|-. | Q50: =VLOOKUP(G50,seznampsc!A:B,2,FALSE) -> Brno-město | R50: =VLOOKUP(G50,seznampsc!A:C,3,FALSE) -> Jihomoravský kraj | S50: 49.1325847 | T50: 16.6352456 | AV50: 200000
A51: Ne | B51: DIRECT | C51: 030/2016 | D51: 26394294 | E51: MM Car servis | F51: VIII. Brána areál Škoda 1289/24a | G51: 31600 | H51: Plzeň | J51: zakazky@mmcar.cz | K51: 800331108, 775101775 | L51: Fér servis DIRECT | M51: všechna vozidla | N51: ANO | O51: PO-PÁ 8:00-16:30 | S51: 49.736839 | T51: 13.34961 | AU51: Nedělá poruchy - vyjmutý z asistence EA (8/2023). | AV51: 200000
B52: DIRECT | C52: 031/2017 | D52: 44016115 | E52: SQSspol,s.r.o.(FIRSTSTOPSERVIS) | F52: Sokolova2k | G52: 61900 | H52: Brno | I52: IvoHanuš | J52: ivo.hanus@sqs.cz | K52: 5.1590889e+08 | L52: NeautorizovanýservisDIRECT | M52: všechnavozidla | N52: NE | O52: 7:30-17:30|7:30-17:30|7:30-17:30|7:30-17:30|7:30-17:30|-|-. | Q52: =VLOOKUP(G52,seznampsc!A:B,2,FALSE) -> Brno-město | R52: =VLOOKUP(G52,seznampsc!A:C,3,FALSE) -> Jihomoravský kraj | S52: 49.16684 | T52: 16.626412 | AU52: Výpověďspoluprácek30.11.2022.
A53: Ano | B53: DIRECT | C53: 032/2017 | D53: 27094413 | E53: AutoservisRejmon | F53: NadVršovickouhorou88/4 | G53: 10000 | H53: Praha | I53: MichaelRejmon | J53: navrh@autorejmon.cz | K53: 2.4174002e+08 | L53: NeautorizovanýservisDIRECT | M53: všechnavozidla | N53: NE | O53: 8:00-16:30|8:00-16:30|8:00-16:30|8:00-16:30|7:00-14:00|-|-. | Q53: =VLOOKUP(G53,seznampsc!A:B,2,FALSE) -> Hlavní město Praha | R53: =VLOOKUP(G53,seznampsc!A:C,3,FALSE) -> Hlavní město Praha | S53: 50.061023 | T53: 14.471714 | AD53: 650 | AE53: 650 | AF53: 650 | AJ53: 107 | AK53: 116 | AQ53: 0.05 | AV53: 100000
A54: Ano | B54: DIRECT | C54: 032/2017 | D54: 27094413 | E54: AutoservisRejmon | F54: Fričova13 | G54: 12000 | H54: Praha | I54: KarelMifka | J54: fricova@autorejmon.cz | K54: 2.2256412e+08 | L54: NeautorizovanýservisDIRECT | M54: všechnavozidla | N54: NE | O54: 7:00-17:00|7:00-17:00|7:00-17:00|7:00-17:00|7:00-14:00|-|-. | Q54: =VLOOKUP(G54,seznampsc!A:B,2,FALSE) -> Hlavní město Praha | R54: =VLOOKUP(G54,seznampsc!A:C,3,FALSE) -> Hlavní město Praha | S54: 50.067708 | T54: 14.435748 | AD54: 650 | AE54: 650 | AF54: 650 | AJ54: 107 | AK54: 116 | AQ54: 0.05 | AV54: 100000
A55: Ano | B55: DIRECT | C55: 033/2017 | D55: 26228980 | E55: AUTOSERVISVINTRs.r.o. | F55: Senetářov205 | G55: 67906 | H55: Senetářov | I55: JakubTihelka | J55: info@autoservisvintr.eu | K55: 606084893 | L55: NeautorizovanýservisDIRECT | M55: všechnavozidla | N55: NE | O55: 8:00-17:00|8:00-17:00|8:00-17:00|8:00-17:00|8:00-17:00|-|-. | Q55: =VLOOKUP(G55,seznampsc!A:B,2,FALSE) -> Blansko | R55: =VLOOKUP(G55,seznampsc!A:C,3,FALSE) -> Jihomoravský kraj | S55: 49.348876 | T55: 16.812952 | AD55: 450 | AE55: 450 | AF55: 450 | AJ55: 120 | AK55: 130 | AO55: 3 | AT55: 250 | AV55: 50000
B56: DIRECT | C56: 034/2017 | D56: 42599733 | E56: Hyundai-VladislavVystrčil | F56: Lednická110/47 | G56: 69006 | H56: CharvatskáNováVes | I56: VladislavVystrčil | J56: autosalon.vystrcil@seznam.cz | K56: 777290810 | L56: NeautorizovanýservisDIRECT | M56: všechnavozidla | N56: NE | O56: 8:00-16:30|8:00-16:30|8:00-16:30|8:00-16:30|8:00-16:30|-|-. | Q56: =VLOOKUP(G56,seznampsc!A:B,2,FALSE) -> Břeclav | R56: =VLOOKUP(G56,seznampsc!A:C,3,FALSE) -> Jihomoravský kraj | S56: 48.768417 | T56: 16.84543 | AU56: 11.4.2023ukončujispolupráci,jižneděláanechcespolupracovat.
B57: DIRECT | C57: 035/2017 | D57: 48290980 | E57: OKIM,s.r.o. | F57: Masarykova1028 | G57: 40001 | H57: ÚstínadLabem | I57: TomášVeselý | J57: tomas.vesely@okim.cz | K57: 737222169 | L57: Osobní | M57: Volkswagen,Škoda | N57: NE | O57: 7:00-18:00|7:00-18:00|7:00-18:00|7:00-18:00|7:00-18:00|8:00-14:00|-. | Q57: =VLOOKUP(G57,seznampsc!A:B,2,FALSE) -> Ústí nad Labem | R57: =VLOOKUP(G57,seznampsc!A:C,3,FALSE) -> Ústecký kraj | S57: 50.678529 | T57: 14.013008 | AV57: 200000
B58: DIRECT | C58: 035/2017 | D58: 48290980 | E58: OKIM,s.r.o. | F58: Terezínská1119 | G58: 41002 | H58: Lovosice | I58: MarekMojžíš | J58: marek.mojzis@okim.cz | K58: 737216005 | L58: Osobní | M58: Volkswagen,Škoda | N58: NE | O58: 7:00-18:00|7:00-18:00|7:00-18:00|7:00-18:00|7:00-18:00|8:00-14:00|-. | Q58: =VLOOKUP(G58,seznampsc!A:B,2,FALSE) -> Litoměřice | R58: =VLOOKUP(G58,seznampsc!A:C,3,FALSE) -> Ústecký kraj | S58: 50.511338 | T58: 14.063292 | AV58: 200000
B59: DIRECT | C59: 035/2017 | D59: 48290980 | E59: OKIM,s.r.o. | F59: 5.května2645 | G59: 44001 | H59: Louny | I59: AntonínKrejza | J59: antonin.krejza@okim.cz | K59: 737216019 | L59: Osobní | M59: Volkswagen,Škoda | N59: NE | O59: 7:00-18:00|7:00-18:00|7:00-18:00|7:00-18:00|7:00-18:00|8:00-14:00|-. | Q59: =VLOOKUP(G59,seznampsc!A:B,2,FALSE) -> Louny | R59: =VLOOKUP(G59,seznampsc!A:C,3,FALSE) -> Ústecký kraj | S59: 50.351145 | T59: 13.81615 | AV59: 200000
B60: DIRECT | C60: 036/2017 | D60: 25038681 | E60: Jelínek | F60: Tyršova864 | G60: 40004 | H60: ÚstínadLabem | I60: TomášVeselý | J60: servis.ul@renault-jelinek.cz | K60: 725222040 | L60: Osobní | M60: Renault,Dacia | N60: NE | O60: 7:00-17:00|7:00-17:00|7:00-17:00|7:00-17:00|7:00-17:00|8:00-12:00|-. | Q60: =VLOOKUP(G60,seznampsc!A:B,2,FALSE) -> Ústí nad Labem | R60: =VLOOKUP(G60,seznampsc!A:C,3,FALSE) -> Ústecký kraj | AU60: jižneexistuje
B61: DIRECT | C61: 037/2017 | D61: 25407228 | E61: Jelínek | F61: Srbice96 | G61: 41713 | H61: Srbice | I61: JiříVlček | J61: servis@skoda-jelinek.cz | K61: 608555239 | L61: Osobní | M61: Škoda | N61: NE | O61: 7:00-18:00|7:00-18:00|7:00-18:00|7:00-18:00|7:00-18:00|8:00-12:00|-. | Q61: =VLOOKUP(G61,seznampsc!A:B,2,FALSE) -> Teplice | R61: =VLOOKUP(G61,seznampsc!A:C,3,FALSE) -> Ústecký kraj | AU61: jižneexistuje
A62: Ano | B62: DIRECT | C62: 038/2017 | D62: 28061870 | E62: AutoservisČížeks.r.o. | F62: ČeskéVrbné2347 | G62: 37011 | H62: ČeskéBudějovice | I62: VáclavČížek | J62: info@autoserviscizek.cz | K62: 6.0620215e+08 | L62: NeautorizovanýservisDIRECT | M62: všechnavozidla | N62: NE | O62: 8:00-20:00|8:00-20:00|8:00-20:00|8:00-20:00|8:00-20:00|8:00-20:00|8:00-20:00 | Q62: =VLOOKUP(G62,seznampsc!A:B,2,FALSE) -> České Budějovice | R62: =VLOOKUP(G62,seznampsc!A:C,3,FALSE) -> Jihočeský kraj | S62: 49.003148 | T62: 14.452023 | AD62: 600 | AE62: 600 | AF62: 600 | AJ62: 107 | AK62: 116 | AQ62: 5 | AT62: 250 | AV62: 100000
A63: Ano | B63: DIRECT | C63: 039/2017 | D63: 26874598 | E63: RPSCZECH,S.R.O. | F63: Těšínská236 | G63: 73934 | H63: Šenov | I63: Ing.AlešZlamšidlo | J63: partner@rpsczech.cz | K63: 7.7310077e+08 | L63: NeautorizovanýservisDIRECT | M63: všechnavozidla | N63: NE | O63: 8:00-16:30|8:00-16:30|8:00-16:30|8:00-16:30|8:00-16:30|-|-. | Q63: =VLOOKUP(G63,seznampsc!A:B,2,FALSE) -> Ostrava-město | R63: =VLOOKUP(G63,seznampsc!A:C,3,FALSE) -> Moravskoslezský kraj | S63: 49.791177 | T63: 18.390482 | AD63: 740 | AE63: 740 | AF63: 740 | AJ63: 107 | AK63: 107 | AQ63: 5 | AT63: 250 | AU63: Bezpříméhodoporučování-pouzepasivnírole! | AV63: 100000
A64: Ano | B64: DIRECT | C64: 039/2017 | D64: 26874598 | E64: RPSCZECH,S.R.O. | F64: nám.Svobody526 | G64: 73961 | H64: Třinec | I64: JindřichRaszyk | J64: partner@rpsczech.cz | K64: 773118773 | L64: NeautorizovanýservisDIRECT | M64: všechnavozidla | N64: NE | O64: Dletelefonickédohody | Q64: =VLOOKUP(G64,seznampsc!A:B,2,FALSE) -> Frýdek-Místek | R64: =VLOOKUP(G64,seznampsc!A:C,3,FALSE) -> Moravskoslezský kraj | S64: 49.668378 | T64: 18.674836 | AD64: 740 | AE64: 740 | AF64: 740 | AJ64: 107 | AK64: 107 | AQ64: 5 | AT64: 250 | AU64: Bezpříméhodoporučování-pouzepasivnírole! | AV64: 100000
A65: Ano | B65: DIRECT | C65: 039/2017 | D65: 26874598 | E65: RPSCZECH,S.R.O. | F65: Palkovická529 | G65: 73801 | H65: Frýdek-Místek | I65: ZdeněkVelička | J65: partner@rpsczech.cz | K65: 773103773 | L65: NeautorizovanýservisDIRECT | M65: všechnavozidla | N65: NE | O65: Dletelefonickédohody | Q65: =VLOOKUP(G65,seznampsc!A:B,2,FALSE) -> Frýdek-Místek | R65: =VLOOKUP(G65,seznampsc!A:C,3,FALSE) -> Moravskoslezský kraj | S65: 49.668722 | T65: 18.335144 | AD65: 740 | AE65: 740 | AF65: 740 | AJ65: 107 | AK65: 107 | AQ65: 5 | AT65: 250 | AU65: Bezpříméhodoporučování-pouzepasivnírole! | AV65: 100000
A66: Ano | B66: DIRECT | C66: 039/2017 | D66: 26874598 | E66: RPSCZECH,S.R.O. | F66: Jeremenkova9 | G66: 74242 | H66: ŠenovuNovéhoJíčína | I66: PetrValenta | J66: partner@rpsczech.cz | K66: 773110773 | L66: NeautorizovanýservisDIRECT | M66: všechnavozidla | N66: NE | O66: Dletelefonickédohody | Q66: =VLOOKUP(G66,seznampsc!A:B,2,FALSE) -> Nový Jičín | R66: =VLOOKUP(G66,seznampsc!A:C,3,FALSE) -> Moravskoslezský kraj | S66: 49.600486 | T66: 18.008381 | AD66: 740 | AE66: 740 | AF66: 740 | AJ66: 107 | AK66: 107 | AQ66: 5 | AT66: 250 | AU66: Bezpříméhodoporučování-pouzepasivnírole! | AV66: 100000
A67: Ano | B67: DIRECT | C67: 039/2017 | D67: 26874598 | E67: RPSCZECH,S.R.O. | F67: Tovární906/44 | G67: 77900 | H67: Olomouc | I67: PetrValoušek | J67: partner@rpsczech.cz | K67: 773459773 | L67: NeautorizovanýservisDIRECT | M67: všechnavozidla | N67: NE | O67: Dletelefonickédohody | Q67: =VLOOKUP(G67,seznampsc!A:B,2,FALSE) -> Olomouc | R67: =VLOOKUP(G67,seznampsc!A:C,3,FALSE) -> Olomoucký kraj | S67: 49.587136 | T67: 17.269392 | AD67: 740 | AE67: 740 | AF67: 740 | AJ67: 107 | AK67: 107 | AQ67: 5 | AT67: 250 | AU67: Bezpříméhodoporučování-pouzepasivnírole! | AV67: 100000
A68: Ano | B68: DIRECT | C68: 039/2017 | D68: 26874598 | E68: RPSCZECH,S.R.O. | F68: Palhanecká635/20 | G68: 74706 | H68: Opava-Jaktař | I68: AlešBára | J68: partner@rpsczech.cz | K68: 773379773 | L68: NeautorizovanýservisDIRECT | M68: všechnavozidla | N68: NE | O68: Dletelefonickédohody | Q68: =VLOOKUP(G68,seznampsc!A:B,2,FALSE) -> Opava | R68: =VLOOKUP(G68,seznampsc!A:C,3,FALSE) -> Moravskoslezský kraj | S68: 49.923133 | T68: 17.947109 | AD68: 740 | AE68: 740 | AF68: 740 | AJ68: 107 | AK68: 107 | AQ68: 5 | AT68: 250 | AU68: Bezpříméhodoporučování-pouzepasivnírole!26.1.2024změnaadresyzHlavní1495/2E,Opava(adresaAutoStoniš). | AV68: 100000
B69: DIRECT | C69: 040/2017 | D69: 62240129 | E69: SANPLUS,s.r.o. | F69: Palackého94 | G69: 46604 | H69: JablonecnadNisou | I69: MilanŠenkýř | J69: senkyr@sanplus.cz | K69: 603241333 | L69: Osobní | M69: Škoda,Kia,Volkswagen | N69: NE | O69: 7:00-18:00|7:00-18:00|7:00-18:00|7:00-18:00|7:00-18:00|8:00-12:00|-. | Q69: =VLOOKUP(G69,seznampsc!A:B,2,FALSE) -> Jablonec nad Nisou | R69: =VLOOKUP(G69,seznampsc!A:C,3,FALSE) -> Liberecký kraj | AU69: jižneexistuje
B70: DIRECT | C70: 040/2017 | D70: 62240129 | E70: SANPLUS,s.r.o. | F70: Sluneční3115 | G70: 47001 | H70: ČeskáLípa | I70: PetrPluhař | J70: pluhar@sanplus.cz | K70: 487829817 | L70: Osobní | M70: Škoda,Kia,Volkswagen | N70: NE | O70: 7:00-18:00|7:00-18:00|7:00-18:00|7:00-18:00|7:00-18:00|8:00-12:00|-. | Q70: =VLOOKUP(G70,seznampsc!A:B,2,FALSE) -> Česká Lípa | R70: =VLOOKUP(G70,seznampsc!A:C,3,FALSE) -> Liberecký kraj | AU70: jižneexistuje
A71: Ano | B71: DIRECT | C71: 041/2017 | D71: 15680207 | E71: AutoservisRudolfWEBER | F71: Pražská214 | G71: 43401 | H71: Most | I71: LenkaSolnařová | J71: rudolfweber@email.cz | K71: 775341050 | L71: NeautorizovanýservisDIRECT | M71: všechnavozidla | N71: NE | O71: 8:00-15:30|8:00-15:30|8:00-15:30|8:00-15:30|8:00-15:30|-|-. | Q71: =VLOOKUP(G71,seznampsc!A:B,2,FALSE) -> Most | R71: =VLOOKUP(G71,seznampsc!A:C,3,FALSE) -> Ústecký kraj | S71: 50.485972 | T71: 13.665801 | AD71: 600 | AE71: 600 | AF71: 650 | AJ71: 120 | AK71: 130 | AQ71: 5 | AT71: 250 | AV71: 50000
A72: Ano | B72: DIRECT | C72: 042/2017 | D72: 41031172 | E72: AUTO-BPKs.r.o. | F72: Lipovská94 | G72: 79001 | H72: Jeseník | I72: p.Šimonová | J72: likvidace@auto-bpk.cz | K72: 584450037 | L72: NeautorizovanýservisDIRECT | M72: všechnavozidla | N72: NE | O72: 7:00-17:00|7:00-17:00|7:00-17:00|7:00-17:00|7:00-17:00|-|-. | Q72: =VLOOKUP(G72,seznampsc!A:B,2,FALSE) -> Jeseník | R72: =VLOOKUP(G72,seznampsc!A:C,3,FALSE) -> Olomoucký kraj | S72: 50.228957 | T72: 17.200903 | AD72: 550 | AE72: 600 | AF72: 600 | AJ72: 107 | AK72: 116 | AO72: 3 | AQ72: 5 | AT72: 250 | AV72: 50000
B73: DIRECT | C73: 043/2017 | D73: 26343673 | E73: AUTOCENTRUMJANŠMUCLERs.r.o. | F73: Borská59 | G73: 30100 | H73: Plzeň | I73: NikolaKuthanová | J73: pojistneudalosti@smucler.cz | K73: 733167724 | L73: Osobní | M73: Škoda,Volkswagen,Audi,Seat,Honda,Cupra | N73: NE | O73: 7:00-18:00|7:00-18:00|7:00-18:00|7:00-18:00|7:00-18:00|8:00-12:00|-. | Q73: =VLOOKUP(G73,seznampsc!A:B,2,FALSE) -> Plzeň-město | R73: =VLOOKUP(G73,seznampsc!A:C,3,FALSE) -> Plzeňský kraj | S73: 49.735754 | T73: 13.355186 | AV73: 200000
B74: DIRECT | C74: 043/2017 | D74: 26343673 | E74: AUTOCENTRUMJANŠMUCLERs.r.o. | F74: Dvořákova304 | G74: 34601 | H74: HoršovskýTýn | I74: JanPeterka | J74: jan.peterka@smucler.cz | K74: 734875664 | L74: Osobní | M74: Škoda,Volkswagen,Audi,Seat,Honda | N74: NE | O74: 7:00-17:00|7:00-17:00|7:00-17:00|7:00-17:00|7:00-17:00|-|-. | Q74: =VLOOKUP(G74,seznampsc!A:B,2,FALSE) -> Domažlice | R74: =VLOOKUP(G74,seznampsc!A:C,3,FALSE) -> Plzeňský kraj | S74: 49.527553 | T74: 12.947877 | AV74: 200000
B75: DIRECT | C75: 043/2017 | D75: 26343673 | E75: AUTOCENTRUMJANŠMUCLERs.r.o. | F75: Domažlicképředměstí610 | G75: 33901 | H75: Klatovy | I75: TomášKopa | J75: tomas.kopa@smucler.cz | K75: 702209919 | L75: Osobní | M75: Renault,Dacia,Škoda,Citroen,Hyundai | N75: NE | O75: Po-Pá:7:00-16:00 | Q75: =VLOOKUP(G75,seznampsc!A:B,2,FALSE) -> Klatovy | R75: =VLOOKUP(G75,seznampsc!A:C,3,FALSE) -> Plzeňský kraj | AU75: PůvodníAutoNejdl/AutoNejdlKlatovy.K1.1.2023došlokfůzisAutocentrumŠmulceraoběspolečnostizanikly.
B76: DIRECT | C76: 044/2017 | D76: 46960341 | E76: AUTONOVABRNOs.r.o. | F76: Masná418/20 | G76: 60200 | H76: Brno | I76: PavelPindryč | J76: servis@autonova.cz | K76: 543424229 | L76: Osobní | M76: Škoda,Volkswagen | N76: NE | O76: 6:30-18:00|6:30-18:00|6:30-18:00|6:30-18:00|6:30-18:00|-|-. | Q76: =VLOOKUP(G76,seznampsc!A:B,2,FALSE) -> Brno-město | R76: =VLOOKUP(G76,seznampsc!A:C,3,FALSE) -> Jihomoravský kraj | S76: 49.18795 | T76: 16.623719 | AU76: 13062022_SEATužneservisují,odebírámzeznaček. | AV76: 200000
B77: DIRECT | C77: 045/2017 | D77: 25511165 | E77: SAMOHÝLMOTORa.s.-Volkswagen | F77: Tř.TomášeBati623 | G77: 76302 | H77: Zlín | I77: p.Štefka | J77: hudecek@samohylmotor.cz | K77: 702015801 | L77: Osobní | M77: Volkswagen | N77: NE | O77: 7:00-18:00|7:00-18:00|7:00-18:00|7:00-18:00|7:00-18:00|8:00-12:00|-. | Q77: =VLOOKUP(G77,seznampsc!A:B,2,FALSE) -> Zlín | R77: =VLOOKUP(G77,seznampsc!A:C,3,FALSE) -> Zlínský kraj | S77: 49.21739 | T77: 17.627869 | AV77: 200000
B78: DIRECT | C78: 045/2017 | D78: 25511165 | E78: SAMOHÝLMOTORa.s. | F78: Kosmonautů846/2 | G78: 77200 | H78: Olomouc | I78: RadekTomšic | J78: nehodyolomouc@samohylmotor.cz | K78: 737230890 | L78: Osobní | M78: Škoda,Audi,Volkswagen | N78: NE | O78: 8:00-18:00|8:00-18:00|8:00-18:00|8:00-18:00|8:00-18:00|8:00-12:00|-. | Q78: =VLOOKUP(G78,seznampsc!A:B,2,FALSE) -> Olomouc | R78: =VLOOKUP(G78,seznampsc!A:C,3,FALSE) -> Olomoucký kraj | S78: 49.589389 | T78: 17.262934 | AU78: 20.12.2021-změnakontaktníosobyzPetrHanusanaRadekTomšů. | AV78: 200000
B79: DIRECT | C79: 045/2017 | D79: 25511165 | E79: SAMOHÝLMOTORa.s. | F79: Štěpánská383 | G79: 75501 | H79: Vsetín | I79: PetrMatušinec | J79: matusinec@samohylmotor.cz | K79: 724171818 | L79: Osobní | M79: Škoda | N79: NE | O79: 7:00-17:00|7:00-17:00|7:00-17:00|7:00-17:00|7:00-17:00|8:00-12:00|-. | Q79: =VLOOKUP(G79,seznampsc!A:B,2,FALSE) -> Vsetín | R79: =VLOOKUP(G79,seznampsc!A:C,3,FALSE) -> Zlínský kraj | S79: 49.336721 | T79: 17.988704 | AV79: 200000
B80: DIRECT | C80: 045/2017 | D80: 25511165 | E80: SAMOHÝLMOTORa.s.-Škoda | F80: Tř.TomášeBati642 | G80: 76302 | H80: Zlín | I80: Staněk | J80: farek@samohylmotor.cz | K80: 724760681 | L80: Osobní | M80: Škoda | N80: NE | O80: 7:00-18:00|7:00-18:00|7:00-18:00|7:00-18:00|7:00-18:00|8:00-12:00|-. | Q80: =VLOOKUP(G80,seznampsc!A:B,2,FALSE) -> Zlín | R80: =VLOOKUP(G80,seznampsc!A:C,3,FALSE) -> Zlínský kraj | S80: 49.217568 | T80: 17.628501 | AV80: 200000
B81: DIRECT | C81: 046/2017 | D81: 63491257 | E81: AUTOSHOPPAULUSs.r.o. | F81: Hulínská3221 | G81: 76701 | H81: Kroměříž | I81: JiříKlabal | J81: servis@paulus.cz | K81: 606784110 | L81: Osobní | M81: Škoda | N81: NE | O81: 6:30-17:00|6:30-17:00|6:30-17:00|6:30-17:00|6:30-17:00|8:00-12:00|-. | Q81: =VLOOKUP(G81,seznampsc!A:B,2,FALSE) -> Kroměříž | R81: =VLOOKUP(G81,seznampsc!A:C,3,FALSE) -> Zlínský kraj | S81: 49.306481 | T81: 17.406761 | AV81: 200000
A82: Ne | B82: DIRECT | C82: 047/2017 | D82: 76461971 | E82: Jiří Dostál | F82: Na Valech 5509 | G82: 72200 | H82: Ostrava | I82: Jiří Dostál | J82: info@autosklo-plus.cz | K82: 777 154 479, 596 630 977 | L82: Neautorizovaný servis DIRECT | M82: všechna vozidla | N82: NE | O82: 7:00-17:00|7:00-17:00|7:00-17:00|7:00-17:00|7:00-17:00|8:00-12:00|-. | S82: 49.835915 | T82: 18.190215 | AU82: Od 25.1.2023 změnana nové IČ 14266971, ASP Autosklo Servis Plus, čísmlo nové smlouvy 276/2023
B83: DIRECT | C83: 048/2017 | D83: 25228579 | E83: ŠůlaMotorss.r.o. | F83: Zeyerova1100 | G83: 33701 | H83: Rokycany | I83: JiříŠůla | J83: jsteam@email.cz | K83: 608308092 | L83: AutorizovanýservisDIRECT | M83: DongFeng,Ligier | N83: NE | O83: 7:30-16:00|7:30-16:00|7:30-16:00|7:30-16:00|7:30-16:00|-|-. | Q83: =VLOOKUP(G83,seznampsc!A:B,2,FALSE) -> Rokycany | R83: =VLOOKUP(G83,seznampsc!A:C,3,FALSE) -> Plzeňský kraj | S83: 49.737734 | T83: 13.602645 | AU83: Od6/2023změnamajiteleanázvufirmy(půovdníAUTO-MOTOJAGERs.r.o.).Zbytekvč.IČzůstávástejný. | AV83: 200000
B84: DIRECT | C84: 048/2017 | D84: 25228579 | E84: ŠůlaMotorss.r.o. | F84: Zeyerova1100 | G84: 33701 | H84: Rokycany | I84: JiříŠůla | J84: jsteam@email.cz | K84: 608308092 | L84: NeautorizovanýservisDIRECT | M84: všechnavozidla | N84: NE | O84: 7:30-16:00|7:30-16:00|7:30-16:00|7:30-16:00|7:30-16:00|-|-. | Q84: =VLOOKUP(G84,seznampsc!A:B,2,FALSE) -> Rokycany | R84: =VLOOKUP(G84,seznampsc!A:C,3,FALSE) -> Plzeňský kraj | S84: 49.737734 | T84: 13.602645 | AU84: Od6/2023změnamajiteleanázvufirmy(půovdníAUTO-MOTOJAGERs.r.o.).Zbytekvč.IČzůstávástejný. | AV84: 200000
B85: DIRECT | C85: 049/2017 | D85: 25597183 | E85: TOPAUTOSALONBLANSKO | F85: Svitavská2329 | G85: 67801 | H85: Blansko | I85: p.Ryšavý,p.Němec | J85: j.rysavy@topautosalon.cz,j.nemec@topautosalon.cz | K85: 6.0832867e+08 | L85: Osobní | M85: Škoda | N85: NE | O85: 7:00-17:00|7:00-17:00|7:00-17:00|7:00-17:00|7:00-17:00|8:00-11:00|-. | Q85: =VLOOKUP(G85,seznampsc!A:B,2,FALSE) -> Blansko | R85: =VLOOKUP(G85,seznampsc!A:C,3,FALSE) -> Jihomoravský kraj | S85: 49.357516 | T85: 16.643372 | AV85: 200000
A86: Ano | B86: DIRECT | C86: 050/2017 | D86: 25412795 | E86: DUNEXAUTOv.o.s. | F86: Plynárenská3106 | G86: 47001 | H86: ČeskáLípa | I86: PavelNešický | J86: info@dunexauto.cz | K86: 7.7732337e+08 | L86: NeautorizovanýservisDIRECT | M86: všechnavozidla | N86: NE | O86: 7:30-16:00|7:30-16:00|7:30-16:00|7:30-16:00|7:30-16:00|-|-. | Q86: =VLOOKUP(G86,seznampsc!A:B,2,FALSE) -> Česká Lípa | R86: =VLOOKUP(G86,seznampsc!A:C,3,FALSE) -> Liberecký kraj | S86: 50.673749 | T86: 14.535082 | AD86: 650 | AE86: 650 | AF86: 650 | AJ86: 107 | AK86: 107 | AQ86: 5 | AS86: specpodmínky | AV86: 100000
A87: Ano | B87: DIRECT | C87: 050/2017 | D87: 25412795 | E87: DUNEXAUTOv.o.s. | F87: Holany22 | G87: 47002 | H87: ČeskáLípa | I87: PavelNešický | J87: holany@dunexauto.cz | K87: 777323372 | L87: NeautorizovanýservisDIRECT | M87: všechnavozidla | N87: NE | O87: Dledohody | Q87: =VLOOKUP(G87,seznampsc!A:B,2,FALSE) -> Česká Lípa | R87: =VLOOKUP(G87,seznampsc!A:C,3,FALSE) -> Liberecký kraj | S87: 50.617491 | T87: 14.497127 | AD87: 650 | AE87: 650 | AF87: 650 | AJ87: 107 | AK87: 107 | AQ87: 5 | AS87: specpodmínky | AV87: 100000
A88: Ano | B88: DIRECT | C88: 051/2017 | D88: 63780399 | E88: AutoservisRudolfHahnel | F88: Rolnická179 | G88: 40801 | H88: Rumburk | I88: AlenaHahnelová | J88: hahnel@tiscali.cz | K88: 6.021329e+08 | L88: NeautorizovanýservisDIRECT | M88: všechnavozidla | N88: NE | O88: 8:00-16:00|8:00-16:00|8:00-16:00|8:00-16:00|8:00-16:00|-|-. | Q88: =VLOOKUP(G88,seznampsc!A:B,2,FALSE) -> Děčín | R88: =VLOOKUP(G88,seznampsc!A:C,3,FALSE) -> Ústecký kraj | S88: 50.948991 | T88: 14.567814 | AD88: 450 | AE88: 450 | AF88: 450 | AJ88: 120 | AK88: 130 | AO88: 3 | AS88: specpodmínky | AV88: 50000
A89: Ano | B89: ACC | C89: 119/2019 | D89: 29233640 | E89: CARCHECKs.r.o. | F89: Nádražní344 | G89: 62700 | H89: Brno | J89: servis@carcek.cz | K89: 776001187 | L89: NeautorizovanýservisSAG | M89: všechnavozidla | N89: NE | O89: Po-Pá8:00-16:30 | Q89: =VLOOKUP(G89,seznampsc!A:B,2,FALSE) -> Brno-město | R89: =VLOOKUP(G89,seznampsc!A:C,3,FALSE) -> Jihomoravský kraj | AD89: 680 | AE89: 680 | AF89: 680 | AQ89: 10 | AV89: 100000
A90: Ano | B90: DIRECT | C90: 053/2017 | D90: 28751141 | E90: autoservisNOVOSs.r.o. | F90: Rochlická35 | G90: 46311 | H90: Liberec30 | I90: p.Novotný | J90: autosklonovotny@seznam.cz | K90: 6.0241121e+08 | L90: NeautorizovanýservisDIRECT | M90: všechnavozidla | N90: NE | O90: 8:00-19:00|8:00-19:00|8:00-19:00|8:00-19:00|8:00-19:00|-|-. | Q90: =VLOOKUP(G90,seznampsc!A:B,2,FALSE) -> Liberec | R90: =VLOOKUP(G90,seznampsc!A:C,3,FALSE) -> Liberecký kraj | S90: 50.74557 | T90: 15.085642 | AD90: 450 | AE90: 450 | AF90: 500 | AJ90: 110 | AK90: 110 | AO90: 3 | AQ90: 5 | AV90: 50000
B91: DIRECT | C91: 054/2017 | D91: 25832191 | E91: AUTODUBINAa.s. | F91: Horní3023/122 | G91: 70030 | H91: Ostrava-Dubina | I91: p.Zajíc | J91: jzajic@auto-dubina.cz | K91: 725275998 | L91: Osobní | M91: Škoda | N91: NE | Q91: =VLOOKUP(G91,seznampsc!A:B,2,FALSE) -> Ostrava-město | R91: =VLOOKUP(G91,seznampsc!A:C,3,FALSE) -> Moravskoslezský kraj | S91: 49.773511 | T91: 18.245607 | AV91: 200000
B92: DIRECT | C92: 055/2017 | D92: 27787184 | E92: EvroAUTOCENTRUMVsetín,s.r.o. | F92: GenerálaKlapálka790 | G92: 75501 | H92: Vsetín | I92: Příjemoprav | J92: autocentrumvsetin@seznam.cz | K92: 602788522 | L92: GaranceMobility | M92: všechnavozidla | N92: NE | Q92: =VLOOKUP(G92,seznampsc!A:B,2,FALSE) -> Vsetín | R92: =VLOOKUP(G92,seznampsc!A:C,3,FALSE) -> Zlínský kraj
A93: Ano | B93: DIRECT | C93: 055/2017 | D93: 27787184 | E93: EvroAUTOCENTRUMVsetín,s.r.o. | F93: GenerálaKlapálka790 | G93: 75501 | H93: Vsetín | I93: AntonínNovák | J93: autocentrumvsetin@seznam.cz | K93: 7.7721403e+08 | L93: NeautorizovanýservisDIRECT | M93: všechnavozidla | N93: NE | O93: 8:00-16:00|8:00-16:00|8:00-16:00|8:00-16:00|8:00-16:00|-|-. | Q93: =VLOOKUP(G93,seznampsc!A:B,2,FALSE) -> Vsetín | R93: =VLOOKUP(G93,seznampsc!A:C,3,FALSE) -> Zlínský kraj | S93: 49.327286 | T93: 18.001697 | AD93: 650 | AE93: 650 | AF93: 650 | AJ93: 107 | AK93: 107 | AO93: 3 | AQ93: 5 | AS93: specpodmínky | AV93: 100000
A94: Ano | B94: DIRECT | C94: 056/2017 | D94: 28607511 | E94: KoraAutolakovnaaServiss.r.o. | F94: UTescomy245 | G94: 76001 | H94: Zlín | I94: VlastimilBednařík | J94: kora@volny.cz | K94: 7.7721403e+08 | L94: GaranceMobility | M94: všechnavozidla | N94: NE | O94: 8:00-16:00|8:00-16:00|8:00-16:00|8:00-16:00|8:00-16:00|-|-. | Q94: =VLOOKUP(G94,seznampsc!A:B,2,FALSE) -> Zlín | R94: =VLOOKUP(G94,seznampsc!A:C,3,FALSE) -> Zlínský kraj | S94: 49.223345 | T94: 17.728624 | AD94: 650 | AE94: 650 | AF94: 650 | AJ94: 107 | AK94: 107 | AQ94: 5 | AS94: specpodmínky | AV94: 100000
A95: Ano | B95: DIRECT | C95: 057/2017 | D95: 72437511 | E95: JaroslavOrsák-Autoopravna | F95: Brumovská279 | G95: 76601 | H95: ValašskéKlobouky | I95: JaroslavOrsák | J95: autoopravnaorsak@seznam.cz | K95: 737259831 | L95: NeautorizovanýservisDIRECT | M95: všechnavozidla | N95: NE | O95: 7:30-16:00|7:30-16:00|7:30-16:00|7:30-16:00|7:30-16:00|9:00-14:00|-. | Q95: =VLOOKUP(G95,seznampsc!A:B,2,FALSE) -> Zlín | R95: =VLOOKUP(G95,seznampsc!A:C,3,FALSE) -> Zlínský kraj | S95: 49.13612 | T95: 18.010163 | AD95: 620 | AE95: 670 | AF95: 670 | AL95: 100 | AQ95: 5 | AS95: specpodmínky | AV95: 100000
B96: DIRECT | C96: 058/2017 | D96: 27234304 | E96: AUTORAVAPluss.r.o | F96: Prosecká8/47 | G96: 18000 | H96: Praha | I96: DagmarŠedivková | J96: autorava@autorava.cz | K96: 730510743 | L96: NeautorizovanýservisDIRECT | M96: všechnavozidla | N96: NE | O96: 8:00-17:00|8:00-17:00|8:00-17:00|8:00-17:00|8:00-17:00|-|-. | Q96: =VLOOKUP(G96,seznampsc!A:B,2,FALSE) -> Hlavní město Praha | R96: =VLOOKUP(G96,seznampsc!A:C,3,FALSE) -> Hlavní město Praha | S96: 50.117501 | T96: 14.497091 | AU96: Jižnefunguje,ccaod2020pozastavenáčinnost!
A97: Ano | B97: DIRECT | C97: 059/2017 | D97: 26911400 | E97: Autosprávkárnas.r.o. | F97: Ždárského194 | G97: 67401 | H97: Třebíč | I97: ZdeněkKřížek | J97: krizek@autospravkarna.cz | K97: 724184218,724888277,568845786 | L97: NeautorizovanýservisDIRECT | M97: všechnavozidla | N97: NE | O97: 8:00-16:00|8:00-16:00|8:00-16:00|8:00-16:00|8:00-16:00|-|-. | Q97: =VLOOKUP(G97,seznampsc!A:B,2,FALSE) -> Třebíč | R97: =VLOOKUP(G97,seznampsc!A:C,3,FALSE) -> Kraj Vysočina | S97: 49.201988 | T97: 15.901096 | AD97: 400 | AE97: 400 | AF97: 400 | AJ97: 120 | AK97: 130 | AO97: 3 | AQ97: 5 | AS97: specpodmínky | AV97: 50000
A98: Ano | B98: DIRECT | C98: 060/2017 | D98: 25500601 | E98: PMAUTOCENTRUMs.r.o. | F98: Brněnská2197/44 | G98: 59101 | H98: ŽďárnadSázavou | I98: StanislavMinář | J98: pmautocentrum@seznam.cz | K98: 6.0526909e+08 | L98: GaranceMobility | M98: Všechnavozidla | N98: NE | O98: 6:00-17:00|6:00-17:00|6:00-17:00|6:00-17:00|6:00-14:30|-|-. | Q98: =VLOOKUP(G98,seznampsc!A:B,2,FALSE) -> Žďár nad Sázavou | R98: =VLOOKUP(G98,seznampsc!A:C,3,FALSE) -> Kraj Vysočina | S98: 49.551915 | T98: 15.952018 | AD98: 670 | AE98: 670 | AF98: 700 | AJ98: 110 | AK98: 110 | AQ98: 5 | AV98: 100000
A99: Ano | B99: DIRECT | C99: 062/2017 | D99: 26840880 | E99: AutoslužbyJanoušeks.r.o. | F99: NaLánech1106/14 | G99: 73601 | H99: Havířov-Bludovice | I99: PavelVítek | J99: servis@autosluzbyjanousek.cz | K99: 777655229 | L99: NeautorizovanýservisDIRECT | M99: všechnavozidla | N99: NE | O99: 7:30-16:30|7:30-16:30|7:30-16:30|7:30-16:30|7:30-16:30|-|-. | Q99: =VLOOKUP(G99,seznampsc!A:B,2,FALSE) -> Karviná | R99: =VLOOKUP(G99,seznampsc!A:C,3,FALSE) -> Moravskoslezský kraj | S99: 49.762072 | T99: 18.424559 | AD99: 670 | AE99: 670 | AF99: 690 | AJ99: 107 | AK99: 107 | AQ99: 5 | AS99: specpodmínky | AV99: 100000
A100: Ano | B100: DIRECT | C100: 125/2019 | D100: 29306400 | E100: Assistcar,s.r.o. | F100: Tkalcovská873/3b | G100: 60200 | H100: Brno | I100: Příjemoprav | J100: likvidace@assistcar.cz | K100: 775525255 | L100: GaranceMobility | M100: všechnavozidla | N100: NE | O100: Po-Pá8:00-17:00 | Q100: =VLOOKUP(G100,seznampsc!A:B,2,FALSE) -> Brno-město | R100: =VLOOKUP(G100,seznampsc!A:C,3,FALSE) -> Jihomoravský kraj | S100: 49.20068 | T100: 16.626766 | AD100: 650 | AE100: 700 | AF100: 800 | AJ100: 107 | AK100: 116 | AP100: 3 | AQ100: 10 | AS100: specpodmínky | AV100: 200000
...

Sheet seznampsc
A1: PSC | B1: okres | C1: kraj
A2: 10000 | B2: Hlavní město Praha | C2: Hlavní město Praha
A3: 10100 | B3: Hlavní město Praha | C3: Hlavní město Praha
A4: 10200 | B4: Hlavní město Praha | C4: Hlavní město Praha
A5: 10300 | B5: Hlavní město Praha | C5: Hlavní město Praha
A6: 10400 | B6: Hlavní město Praha | C6: Hlavní město Praha
A7: 10600 | B7: Hlavní město Praha | C7: Hlavní město Praha
A8: 10700 | B8: Hlavní město Praha | C8: Hlavní město Praha
A9: 10800 | B9: Hlavní město Praha | C9: Hlavní město Praha
A10: 10900 | B10: Hlavní město Praha | C10: Hlavní město Praha
A11: 11000 | B11: Hlavní město Praha | C11: Hlavní město Praha
A12: 11800 | B12: Hlavní město Praha | C12: Hlavní město Praha
A13: 11900 | B13: Hlavní město Praha | C13: Hlavní město Praha
... A2705: 79862 | B2705: Prostějov | C2705: Olomoucký kraj
